{
    "acc": {
        "token_wise_accuracy": 0.5159526766004415,
        "sequence_wise_accuracy": 0.0,
        "token_accuracy_wrt_input_length": {
            "8": 0.5694705493737073,
            "9": 0.4775545322068947,
            "4": 0.6041666666666666,
            "7": 0.5938689062994614,
            "6": 0.5903125000000005
        },
        "token_accuracy_wrt_label_length": {
            "24": 0.8221726190476181,
            "25": 0.6398214285714275,
            "26": 0.5830829326923086,
            "27": 0.5234788359788344,
            "28": 0.5709502551020409,
            "30": 0.4802083333333337,
            "32": 0.4761439732142857,
            "33": 0.3703835227272717,
            "36": 0.36154513888888895,
            "40": 0.4071289062500002,
            "48": 0.2485351562500002
        },
        "sequence_accuracy_wrt_input_length": {
            "8": 0.0,
            "9": 0.0,
            "4": 0.0,
            "7": 0.0,
            "6": 0.0
        },
        "sequence_accuracy_wrt_label_length": {
            "24": 0.0,
            "25": 0.0,
            "26": 0.0,
            "27": 0.0,
            "28": 0.0,
            "30": 0.0,
            "32": 0.0,
            "33": 0.0,
            "36": 0.0,
            "40": 0.0,
            "48": 0.0
        }
    }
}