{
    "acc": {
        "token_wise_accuracy": 0.5330177290286976,
        "sequence_wise_accuracy": 0.02142857142857143,
        "token_accuracy_wrt_input_length": {
            "8": 0.6111686618563225,
            "9": 0.45311963513294284,
            "4": 0.17187500000000003,
            "7": 0.69407872348845,
            "6": 0.5349999999999998
        },
        "token_accuracy_wrt_label_length": {
            "24": 0.6959325396825397,
            "25": 0.6145535714285703,
            "26": 0.6636117788461566,
            "27": 0.6465773809523793,
            "28": 0.5660873724489808,
            "30": 0.5436921296296298,
            "32": 0.49483816964285715,
            "33": 0.34457859848484773,
            "36": 0.32074652777777807,
            "40": 0.4041992187500002,
            "48": 0.20898437500000003
        },
        "sequence_accuracy_wrt_input_length": {
            "8": 0.0546875,
            "9": 0.0,
            "4": 0.0,
            "7": 0.0,
            "6": 0.0
        },
        "sequence_accuracy_wrt_label_length": {
            "24": 0.25,
            "25": 0.0,
            "26": 0.0,
            "27": 0.0,
            "28": 0.0,
            "30": 0.0,
            "32": 0.0,
            "33": 0.0,
            "36": 0.0,
            "40": 0.0,
            "48": 0.0
        }
    }
}