{
    "acc": {
        "token_wise_accuracy": 0.4194950331125828,
        "sequence_wise_accuracy": 0.0,
        "token_accuracy_wrt_input_length": {
            "8": 0.4661453149775075,
            "9": 0.3815831018230839,
            "4": 0.578125,
            "7": 0.5290036403925296,
            "6": 0.4856250000000001
        },
        "token_accuracy_wrt_label_length": {
            "24": 0.695560515873016,
            "25": 0.5750892857142846,
            "26": 0.5026292067307695,
            "27": 0.4749503968253969,
            "28": 0.41358418367346966,
            "30": 0.3898148148148167,
            "32": 0.3773716517857143,
            "33": 0.3702651515151503,
            "36": 0.19618055555555566,
            "40": 0.23750000000000032,
            "48": 0.1328125
        },
        "sequence_accuracy_wrt_input_length": {
            "17": 0.0,
            "18": 0.0,
            "13": 0.0,
            "16": 0.0,
            "15": 0.0
        },
        "sequence_accuracy_wrt_label_length": {
            "24": 0.0,
            "25": 0.0,
            "26": 0.0,
            "27": 0.0,
            "28": 0.0,
            "30": 0.0,
            "32": 0.0,
            "33": 0.0,
            "36": 0.0,
            "40": 0.0,
            "48": 0.0
        }
    }
}